ZIP,City,County (Verified),Population,Nearest Crematory,Distance,Tier,,,,
92262,Palm Springs,Riverside,"26,179",Anubis (Palm Springs),0.6,Tier 0,,,,
92532,Lake Elsinore,Riverside,"18,644",SCC (Lake Elsinore),2.1,Tier 0,,,,
92530,Lake Elsinore,Riverside,"50,216",SCC (Lake Elsinore),3.3,Tier 0,,,,
93040,Piru,Ventura,"18,399",Anubis LA,52.7,Tier 1,,,,
92587,Menifee,Riverside,"16,675",SCC (Lake Elsinore),5,Tier 0,,,,
92234,Cathedral City,Riverside,"51,151",Anubis (Palm Springs),5.7,Tier 0,,,,
92240,Desert Hot Springs,Riverside,"34,722",Anubis (Palm Springs),6.7,Tier 0,,,,
92595,Wildomar,Riverside,"29,851",SCC (Lake Elsinore),6.7,Tier 0,,,,
92570,Perris,Riverside,"53,697",SCC (Lake Elsinore),6.8,Tier 0,,,,
92586,Menifee,Riverside,"19,815",SCC (Lake Elsinore),8.2,Tier 0,,,,
92883,Corona,Riverside,"29,301",SCC (Lake Elsinore),9,Tier 0,,,,
92264,Palm Springs,Riverside,"19,383",Anubis (Palm Springs),9.2,Tier 0,,,,
92562,Murrieta,Riverside,"62,079",SCC (Lake Elsinore),9.5,Tier 0,,,,
92282,Whitewater,Riverside,"1,239",Anubis (Palm Springs),9.6,Tier 0,,,,
92584,Menifee,Riverside,"43,400",SCC (Lake Elsinore),9.6,Tier 0,,,,
92270,Rancho Mirage,Riverside,"17,220",Anubis (Palm Springs),9.6,Tier 0,,,,
92585,Menifee,Riverside,"17,797",SCC (Lake Elsinore),10.4,Tier 0,,,,
92276,Thousand Palms,Riverside,"7,585",Anubis (Palm Springs),11,Tier 0,,,,
92571,Perris,Riverside,"52,516",SCC (Lake Elsinore),12.2,Tier 0,,,,
92880,Corona,Riverside,"58,763",SCC (Lake Elsinore),22.3,Tier 0,,,,
92563,Murrieta,Riverside,"53,892",SCC (Lake Elsinore),13.4,Tier 0,,,,
92260,Palm Desert,Riverside,"31,753",Anubis (Palm Springs),13.5,Tier 0,,,,
92881,Corona,Riverside,"30,991",SCC (Lake Elsinore),14,Tier 0,,,,
92508,Riverside,Riverside,"35,000",SCC (Lake Elsinore),14,Tier 0,,,,
92548,Homeland,Riverside,"6,643",SCC (Lake Elsinore),14.1,Tier 0,,,,
92211,Palm Desert,Riverside,"24,294",Anubis (Palm Springs),14.3,Tier 0,,,,
92241,Desert Hot Springs,Riverside,"8,803",Anubis (Palm Springs),14.4,Tier 0,,,,
92503,Riverside,Riverside,"84,519",SCC (Lake Elsinore),14.7,Tier 0,,,,
92551,Moreno Valley,Riverside,"30,815",SCC (Lake Elsinore),14.8,Tier 0,,,,
92504,Riverside,Riverside,"53,778",SCC (Lake Elsinore),15.2,Tier 0,,,,
92254,Mecca,Riverside,"12,768",Anubis (Palm Springs),38.7,Tier 1,,,,
92596,Winchester,Riverside,"23,172",SCC (Lake Elsinore),15.4,Tier 0,,,,
92590,Temecula,Riverside,"3,660",SCC (Lake Elsinore),15.6,Tier 0,,,,
92314,Big Bear City,San Bernardino,"10,162",Anubis (Palm Springs),31.5,Tier 0,,,,
92567,Nuevo,Riverside,"9,459",SCC (Lake Elsinore),16,Tier 0,,,,
92210,Indian Wells,Riverside,"4,677",Anubis (Palm Springs),16.4,Tier 0,,,,
92506,Riverside,Riverside,"44,001",SCC (Lake Elsinore),17.1,Tier 0,,,,
92553,Moreno Valley,Riverside,"73,722",SCC (Lake Elsinore),17.1,Tier 0,,,,
92591,Temecula,Riverside,"38,272",SCC (Lake Elsinore),17.1,Tier 0,,,,
92220,Banning,Riverside,"31,638",Anubis (Palm Springs),17.3,Tier 0,,,,
92879,Corona,Riverside,"46,745",SCC (Lake Elsinore),17.4,Tier 0,,,,
92545,Hemet,Riverside,"39,457",SCC (Lake Elsinore),17.8,Tier 0,,,,
92882,Corona,Riverside,"67,917",SCC (Lake Elsinore),18.6,Tier 0,,,,
92203,Indio,Riverside,"25,605",Anubis (Palm Springs),19,Tier 0,,,,
92505,Riverside,Riverside,"47,672",SCC (Lake Elsinore),19.1,Tier 0,,,,
92555,Moreno Valley,Riverside,"39,076",SCC (Lake Elsinore),19.4,Tier 0,,,,
92507,Riverside,Riverside,"58,002",SCC (Lake Elsinore),19.5,Tier 0,,,,
92557,Moreno Valley,Riverside,"50,320",SCC (Lake Elsinore),20,Tier 0,,,,
92582,San Jacinto,Riverside,"15,649",SCC (Lake Elsinore),20.1,Tier 0,,,,
92860,Norco,Riverside,"27,198",SCC (Lake Elsinore),20.4,Tier 0,,,,
92543,Hemet,Riverside,"33,555",SCC (Lake Elsinore),20.8,Tier 0,,,,
92253,La Quinta,Riverside,"37,262",Anubis (Palm Springs),21.2,Tier 0,,,,
92501,Riverside,Riverside,"20,970",SCC (Lake Elsinore),21.3,Tier 0,,,,
92592,Temecula,Riverside,"72,492",SCC (Lake Elsinore),21.6,Tier 0,,,,
92382,Running Springs,San Bernardino,"5,268",SCC (Lake Elsinore),37.9,Tier 1,,,,
92583,San Jacinto,Riverside,"30,236",Anubis (Palm Springs),22.3,Tier 0,,,,
92359,Mentone,San Bernardino,"8,103",SCC (Lake Elsinore),31.5,Tier 0,,,,
92509,Jurupa Valley,Riverside,"75,196",SCC (Lake Elsinore),22.6,Tier 0,,,,
92284,Yucca Valley,San Bernardino,"25,095",Anubis (Palm Springs),23.6,Tier 0,,,,
92313,Grand Terrace,San Bernardino,"12,025",SCC (Lake Elsinore),23.7,Tier 0,,,,
92324,Colton,San Bernardino,"56,505",SCC (Lake Elsinore),23.9,Tier 0,,,,
91752,Mira Loma,Riverside,"30,047",SCC (Lake Elsinore),24,Tier 0,,,,
92544,Hemet,Riverside,"44,734",Anubis (Palm Springs),24,Tier 0,,,,
92373,Redlands,San Bernardino,"33,423",SCC (Lake Elsinore),24.4,Tier 0,,,,
92391,Twin Peaks,San Bernardino,"2,534",SCC (Lake Elsinore),38.4,Tier 1,,,,Already included zip where we should add fee
92236,Coachella,Riverside,"41,083",Anubis (Palm Springs),24.8,Tier 0,,,,
92320,Calimesa,Riverside,"7,788",SCC (Lake Elsinore),26.6,Tier 0,,,,
91708,Chino,San Bernardino,"3,369",Gardens,25.2,Tier 0,,,,
92354,Loma Linda,San Bernardino,"21,559",SCC (Lake Elsinore),25.5,Tier 0,,,,
92223,Beaumont,Riverside,"43,605",Anubis (Palm Springs),25.8,Tier 0,,,,
92316,Bloomington,San Bernardino,"30,830",SCC (Lake Elsinore),25.8,Tier 0,,,,
92337,Fontana,San Bernardino,"37,849",SCC (Lake Elsinore),26.1,Tier 0,,,,
92252,Joshua Tree,San Bernardino,"9,647",Anubis (Palm Springs),26.1,Tier 0,,,,
92325,Crestline,San Bernardino,"9,391",SCC (Lake Elsinore),38.5,Tier 1,,,,
92315,Big Bear Lake,San Bernardino,"5,094",Anubis (Palm Springs),32.9,Tier 0,,,,
92539,Anza,Riverside,"4,734",Anubis (Palm Springs),24.5,Tier 0,,,,
92408,San Bernardino,San Bernardino,"15,271",SCC (Lake Elsinore),27.7,Tier 0,,,,
92374,Redlands,San Bernardino,"40,267",SCC (Lake Elsinore),27.8,Tier 0,,,,
91761,Ontario,San Bernardino,"56,913",Gardens,28,Tier 0,,,,
92201,Indio,Riverside,"61,827",Anubis (Palm Springs),28.1,Tier 0,,,,
92335,Fontana,San Bernardino,"95,397",SCC (Lake Elsinore),28.5,Tier 0,,,,
92549,Idyllwild,Riverside,"3,926",Anubis (Palm Springs),12.7,Tier 0,,,,
92399,Yucaipa,San Bernardino,"52,606",Anubis (Palm Springs),28.9,Tier 0,,,,
92410,San Bernardino,San Bernardino,"49,410",SCC (Lake Elsinore),29,Tier 0,,,,
92376,Rialto,San Bernardino,"81,516",SCC (Lake Elsinore),29.3,Tier 0,,,,
91762,Ontario,San Bernardino,"55,857",Gardens,29.4,Tier 0,,,,
91710,Chino,San Bernardino,"80,358",Gardens,29.5,Tier 0,,,,
91709,Chino Hills,San Bernardino,"74,796",Gardens,29.7,Tier 0,,,,
92411,San Bernardino,San Bernardino,"26,214",SCC (Lake Elsinore),30,Tier 0,,,,
92278,Twentynine Palms,San Bernardino,"3,846",Anubis (Palm Springs),38.2,Tier 0,,,,
92536,Aguanga,Riverside,"3,810",Anubis (Palm Springs),30.1,Tier 0,,,,
91764,Ontario,San Bernardino,"54,086",SCC (Lake Elsinore),30.7,Tier 0,,,,
92256,Morongo Valley,San Bernardino,"3,588",Anubis (Palm Springs),15.3,Tier 0,,,,
92346,Highland,San Bernardino,"54,923",SCC (Lake Elsinore),31.5,Tier 0,,,,
92285,Landers,San Bernardino,"2,632",Anubis (Palm Springs),33.2,Tier 0,,,,
91730,Rancho Cucamonga,San Bernardino,"66,925",SCC (Lake Elsinore),31.6,Tier 0,,,,
92405,San Bernardino,San Bernardino,"28,873",SCC (Lake Elsinore),31.6,Tier 0,,,,
92336,Fontana,San Bernardino,"88,419",SCC (Lake Elsinore),32.5,Tier 0,,,,
92377,Rialto,San Bernardino,"19,989",SCC (Lake Elsinore),32.5,Tier 0,,,,
92230,Cabazon,Riverside,"2,550",Anubis (Palm Springs),12.8,Tier 0,,,,
93015,Fillmore,Ventura,"11,680",Anubis LA,55.9,Tier 1,,,,
91763,Montclair,San Bernardino,"36,375",SCC (Lake Elsinore),33.6,Tier 0,,,,
92386,Sugarloaf,San Bernardino,"2,270",Anubis (Palm Springs),30.5,Tier 0,,,,
92404,San Bernardino,San Bernardino,"58,271",SCC (Lake Elsinore),34.2,Tier 0,,,,
91786,Upland,San Bernardino,"51,165",SCC (Lake Elsinore),34.2,Tier 0,,,,
91701,Rancho Cucamonga,San Bernardino,"38,976",SCC (Lake Elsinore),34.5,Tier 0,,,,
91739,Rancho Cucamonga,San Bernardino,"34,794",SCC (Lake Elsinore),34.9,Tier 0,,,,
91737,Rancho Cucamonga,San Bernardino,"24,740",SCC (Lake Elsinore),34.9,Tier 0,,,,
91784,Upland,San Bernardino,"25,938",SCC (Lake Elsinore),36.2,Tier 0,,,,
92401,San Bernardino,San Bernardino,"1,932",SCC (Lake Elsinore),28.9,Tier 0,,,,
92407,San Bernardino,San Bernardino,"56,689",SCC (Lake Elsinore),36.6,Tier 0,,,,
92561,Mountain Center,Riverside,"1,661",Anubis (Palm Springs),15.6,Tier 0,,,,
92321,Cedar Glen,San Bernardino,"1,522",SCC (Lake Elsinore),40.5,Tier 0,,,,
92322,Cedarpines Park,San Bernardino,"1,257",SCC (Lake Elsinore),39.1,Tier 0,,,,
92518,March Air Reserve Base,Riverside,"1,162",SCC (Lake Elsinore),14.3,Tier 0,,,,
92274,Thermal,Riverside,"19,801",Anubis (Palm Springs),38.4,Tier 0,,,,
92339,Forest Falls,San Bernardino,885,Anubis (Palm Springs),27.3,Tier 0,,,,
92258,North Palm Springs,Riverside,861,Anubis (Palm Springs),3.9,Tier 0,,,,
92358,Lytle Creek,San Bernardino,707,SCC (Lake Elsinore),40.8,Tier 0,,,,
92268,Pioneertown,San Bernardino,574,Anubis (Palm Springs),25,Tier 0,,,,
92305,Angelus Oaks,San Bernardino,535,Anubis (Palm Springs),26.3,Tier 0,,,,
91759,Mt Baldy,San Bernardino,476,SCC (Lake Elsinore),44,Tier 0,,,,
92333,Fawnskin,San Bernardino,472,Anubis (Palm Springs),36.4,Tier 0,,,,
92341,Green Valley Lake,San Bernardino,410,Anubis (Palm Springs),39.2,Tier 0,,,,
92385,Skyforest,San Bernardino,313,SCC (Lake Elsinore),37.3,Tier 0,,,,
92378,Rimforest,San Bernardino,183,SCC (Lake Elsinore),37.7,Tier 0,,,,
92344,Hesperia,San Bernardino,"20,769",SCC (Lake Elsinore),63,Tier 2,,,,
92356,Lucerne Valley,San Bernardino,"6,455",Anubis (Palm Springs),60,Tier 2,,,,
92397,Wrightwood,San Bernardino,"4,894",SCC (Lake Elsinore),49.7,Tier 1,,,,
92352,Lake Arrowhead,San Bernardino,"8,004",SCC (Lake Elsinore),40.3,Tier 2,,,,
92372,Pinon Hills,San Bernardino,"6,220",SCC (Lake Elsinore),54.8,Tier 2,,,,
93012,Camarillo,Ventura,"13,416",Anubis LA,55.9,Tier 2,,,,
92277,Twentynine Palms,San Bernardino,"18,547",Anubis PS,73.2,Tier 2,,,,
92371,Phelan,San Bernardino,"16,763",SCC (Lake Elsinore),53.4,Tier 2,,,,
93524,Edwards,Kern,"17,204",Anubis LA,77.4,Tier 3,,,,
93010,Camarillo,Ventura,"14,370",Anubis LA,63.3,Tier 2,,,,
93066,Somis,Ventura,"8,628",Anubis LA,62,Tier 2,,,,
93523,Edwards,Kern,"3,293",Anubis LA,63.4,Tier 2,,,,
93060,Santa Paula,Ventura,"19,462",Anubis LA,70.4,Tier 3,,,,
93043,Port Hueneme,Ventura,"17,592",Anubis LA,72,Tier 3,,,,
92275,Salton City,Imperial,"26,891",Anubis PS,72,Tier 2,,,,
93033,Oxnard,Ventura,"5,551",Anubis LA,65.6,Tier 2,,,,
93036,Oxnard,Ventura,"18,210",Anubis LA,71.8,Tier 2,,,,
92345,Hesperia,San Bernardino,"78,715",SCC (Lake Elsinore),48,Tier 2,,,,
93030,Oxnard,Ventura,"14,420",Anubis LA,70.5,Tier 2,,,,
93004,Ventura,Ventura,"7,032",Anubis LA,70.3,Tier 2,,,,
93035,Oxnard,Ventura,"13,335",Anubis LA,73.6,Tier 3,,,,
93003,Ventura,Ventura,"14,857",Anubis LA,75,Tier 3,,,,
92301,Adelanto,San Bernardino,"32,725",SCC (Lake Elsinore),67.1,Tier 2,,,,
93041,Port Hueneme,Ventura,"15,621",Anubis LA,67.4,Tier 2,,,,
92332,Essex,San Bernardino,65,Anubis (Palm Springs),100.3,Outside 100,,,,
92280,Vidal,San Bernardino,14,Anubis (Palm Springs),103.2,Outside 100,,,,
92225,Blythe,Riverside,"24,310",Anubis (Palm Springs),108.4,Outside 100,,,,
93558,Red Mountain,San Bernardino,125,SCC (Lake Elsinore),115.8,Outside 100,,,,
92364,Nipton,San Bernardino,90,Anubis (Palm Springs),120.7,Outside 100,,,,
92363,Needles,San Bernardino,"5,321",Anubis (Palm Springs),127.6,Outside 100,,,,
92242,Earp,San Bernardino,"1,539",Anubis (Palm Springs),129.5,Outside 100,,,,
93555,Ridgecrest,San Bernardino,"32,560",SCC (Lake Elsinore),134.1,Outside 100,,,,
92267,Parker Dam,San Bernardino,126,Anubis (Palm Springs),138.1,Outside 100,,,,
93562,Trona,San Bernardino,"1,818",Anubis (Palm Springs),138.7,Outside 100,,,,
91320,Thousand Oaks,Ventura,"33,272",Anubis LA,53.1,Tier 1,,,,
91360,Thousand Oaks,Ventura,"38,209",Anubis LA,49.1,Tier 1,,,,
92308,Apple Valley,San Bernardino,"39,837",SCC (Lake Elsinore),51.9,Tier 2,,,,
92395,Victorville,San Bernardino,"42,400",SCC (Lake Elsinore),56.2,Tier 2,,,,
93501,Mojave,Kern,"6,044",Anubis LA,88.5,Tier 3,,,,
93225,Frazier Park,Kern,"10,606",Anubis LA,81.7,Tier 3,,,,
92392,Victorville,San Bernardino,"54,858",SCC (Lake Elsinore),54.9,Tier 2,,,,
92394,Victorville,San Bernardino,"33,237",SCC (Lake Elsinore),60,Tier 2,,,,
92307,Apple Valley,San Bernardino,"37,630",Anubis (Palm Springs),60.5,Tier 2,,,,
93001,Ventura,Ventura,"16,519",Anubis LA,98.1,Tier 3,,,,
93560,Rosamond,Kern,"11,594",Anubis LA,71.2,Tier 3,,,,
92368,Oro Grande,San Bernardino,"1,113",SCC (Lake Elsinore),66.6,Tier 2,,,,
91917,Dulzura,San Diego,"1,126",SCC,80.5,Tier 0,,,,
93021,Moorpark,Ventura,"9,163",Anubis LA,50.9,Tier 1,,,,
91963,Potrero,San Diego,"1,182",Anubis PS,81.7,Tier 0,,,,
93022,Oak View,Ventura,"8,225",Anubis LA,83.8,Tier 3,,,,
93023,Ojai,Ventura,"12,472",Anubis LA,84.3,Tier 3,,,,
93505,California City,Kern,"12,444",Anubis LA,98.1,Tier 3,,,,
93252,Maricopa,Kern,"6,034",Anubis LA,92.3,Tier 3,,,,
91980,Tecate,San Diego,145,SCC,84.1,Tier 0,,,,
91934,Jacumba Hot Springs,San Diego,"1,256",Anubis PS,84.7,Tier 0,,,,
92342,Helendale,San Bernardino,"6,379",SCC (Lake Elsinore),73.9,Tier 3,,,,
92338,Ludlow,San Bernardino,12,Anubis (Palm Springs),67,Tier 2,,,,
92239,Desert Center,Riverside,223,Anubis (Palm Springs),62.4,Tier 2,,,,
93065,Simi Valley,Ventura,"9,630",Anubis LA,42.8,Tier 1,,,,
93013,Carpinteria,Santa Barbara,"10,727",Anubis LA,97.7,Tier 3,,,,
92304,Amboy,San Bernardino,17,Anubis (Palm Springs),70,Tier 3,,,,
92365,Newberry Springs,San Bernardino,"2,637",Anubis (Palm Springs),72.1,Tier 3,,,,
93516,Boron,Kern,"2,299",Anubis LA,92.5,Tier 3,,,,
93561,Tehachapi,Kern,"9,301",Anubis LA,91.7,Tier 3,,,,
92327,Daggett,San Bernardino,632,Anubis (Palm Springs),71.5,Tier 3,,,,
92398,Yermo,San Bernardino,"1,379",Anubis (Palm Springs),74.6,Tier 3,,,,
92233,Calipatria,Imperial,"27,197",Anubis PS,93.3,Tier 3,,,,
93063,Simi Valley,Ventura,"55,713",Anubis LA,35.6,Tier 1,,,,
91377,Oak Park,Ventura,"13,559",Anubis LA,38.3,Tier 1,,,,
92311,Barstow,San Bernardino,"31,894",Anubis (Palm Springs),81.1,Tier 3,,,,
92281,Westmorland,Imperial,"27,861",Anubis PS,99.7,Tier 3,,,,
92347,Hinkley,San Bernardino,"1,692",Anubis (Palm Springs),84.8,Tier 3,,,,
92310,Fort Irwin,San Bernardino,"8,845",Anubis (Palm Springs),97.2,Tier 3,,,,
93203,Arvin,Kern,"20,425",Anubis LA,98.6,Tier 3,,,,
92257,Niland,Imperial,756,Anubis (Palm Springs),77,Tier 3,,,,
93534,Lancaster,Los Angeles,43906,Anubis LA,55.8,Tier 2,,,,
93535,Lancaster,Los Angeles,82149,Anubis LA,60,Tier 2,,,,
93536,Lancaster,Los Angeles,74283,Anubis LA,57.1,Tier 2,,,,
93243,Lancaster,Los Angeles,900,Anubis LA,57.1,Tier 2,,,,